method,silhouette,calinski_harabasz
Conv-VAE Latent + KMeans,0.05559719726443291,272.21366237876657
PCA(32) + KMeans,0.15075744688510895,1093.4118743167194
