method,n_clusters,silhouette,davies_bouldin,ARI
MM-VAE Latent + KMeans,5,0.03157425671815872,3.7025996323854455,0.09256489826244035
MM-VAE Latent + Agglomerative,5,-0.0013464938383549452,4.123493734153944,0.07819508534550901
MM-VAE Latent + DBSCAN,1,,,0.0
PCA(32) + KMeans,5,-0.010219592601060867,4.660235535661093,0.0614541431219795
PCA(32) + Agglomerative,5,-0.04438236355781555,6.865773740777362,0.04106048892178261
PCA(32) + DBSCAN,1,,,0.0
